solvedid,rank,text
rlarudwns815,s3,ps는 Problem Solving
hsuv,s5,ps는 Problem Solving
sunset0816,u,ps는 Problem Solving
tobbot16,g4,ps는 Problem Solving
manuna530,g1,ps는 Problem Solving
skdlxm8823,u,ps는 Problem Solving
01star01ekek,u,열심히 하겠슴돠
kiho000811,b2,ps는 Problem Solving
jin990128,s5,ps는 Problem Solving
parksuchan218,u,ps는 Problem Solving
mule129,g4,ps는 Problem Solving
dnjsgudtjr11,p5,ps는 Play Station
dltmdghksxk,g4,ps는 Problem Solving
leedeokjun,b1,ps는 Problem Solving
leejunugk14,g1,모두 행복하세요.
gylim7826,g3,화이팅
glue0440,g3,ps는 Pasta Salad
eclass,u,Pizza never lies.
eaken,g1,플래 찍는다
robot9862,g3,ps는 Problem Solving
castberry,p5,ps는 Problem Solving
yoonh2454,s4,ps는 Problem Solving
wschoi789,s1,하루 1 잡초..
rudghl0102,s1,이정도 쯤이야 껌이지~~
obtsj,s1,think optimistic
dltmdghksxk,g4,ps는 Problem Solving
wlsrbwjd643,g4,gyutrange.github.io
shuding,s1,안녕하세요
k2akr7,g4,반갑습니다.
kgh398,s5,루비 푸는 날 까지
nk030538,u,ps는 Program Solving
